id,name,x,y,min_zoom,url,size,anchor,type,description,location,photo
great_wall,八达岭长城,13408.0,11594.0,7.0,./assets/special_spot/great_wall.png,"[34.0, 27.0]","[17.0, 13.5]",land_mark,"北依军都山脊，南瞰京畿平野，八达岭长城踞于燕山与太行交错的山结之上。

城墙将云天与大地、塞外与中原劈作两半。自敌楼的箭窗望出去，千峰沉默，万壑回响，唯有山桃花年年如约。不远处，百年前，詹天佑在山谷里画下“人”字形铁路，钢轨贴着山势缓缓攀爬，为积弱的故土驮来一缕远方的希望；而今，银白色的高速列车在地下深处悄然穿过，为崭新的时代写下无声飞驰的气象。",北京市 · 延庆区,./assets/photos/badalingchangcheng.jpg
yunshifuzhong,云南师大附中,9465.0,7129.0,7.0,./assets/special_spot/yunshifuzhong.png,"[33.08, 28.8]","[16.54, 28.8]",land_mark,“满眼是烽烟炮火，满眼是流离颠簸”，它的前身联大附中曾经难寻一方安静的书桌。数十载光阴飞逝，战争的硝烟消散无踪。现代化的教室窗明几净，“先学会做人，再学做学问”的箴言却从未被遗忘。,昆明市 · 五华区,
xiaogangaozhong,孝感高中,12780.0,8856.0,7.0,./assets/special_spot/xiaogangaozhong.png,"[40.0, 40.0]","[20.0, 20.0]",land_mark,占位符,孝感市 · 孝南区,
whu,武汉大学,12928.16,8730.0,7.0,./assets/special_spot/whu.png,"[45.0, 26.0]","[25.5, 26.0]",land_mark,占位符,武汉市 · 武昌区,
beijing,北京,13489.0,11473.0,5,./assets/city_center.png,"[26.1, 40.25]","[13.05, 40.25]",city_center,"北倚燕山余脉，西承太行屏障，南向华北平原徐徐铺展，北京安坐于山川收束与大地开阔的交界处，大自然在此设下经略四方的格局。
 城市中轴线如一条缓缓展开的时间之线，自紫禁城的屋脊延伸至天安门广场的开阔空间，王朝的秩序与时代的叙事在此交汇；未名湖畔，燕园静立，书声在林影与旧楼之间回荡，思想悄然生长；远望城郊，群山起伏，古关与驿道隐没在岁月之中，静静诉说往昔。山河依旧、人事却不断更替，这座城市究竟是在被时间塑造，还是在与时间对话？",北京市,
tianjin,天津,13750.0,11268.0,5,./assets/city_center.png,"[26.1, 40.25]","[13.05, 40.25]",city_center,占位符,天津市,
datong,大同,12635.5,11509.0,5,./assets/city_center.png,"[26.1, 40.25]","[13.05, 40.25]",city_center,占位符,山西省 · 大同市,
langfang,廊坊,13569.0,11382.0,5,./assets/city_center.png,"[26.1, 40.25]","[13.05, 40.25]",city_center,占位符,河北省 · 廊坊市,
baoding,保定,13294.0,11128.0,5,./assets/city_center.png,"[26.1, 40.25]","[13.05, 40.25]",city_center,占位符,河北省 · 保定市,
zhangjiakou,张家口,13060.0,11724.0,5,./assets/city_center.png,"[26.1, 40.25]","[13.05, 40.25]",city_center,占位符,河北省 · 张家口市,
kunming,昆明,9525.0,7065.0,5,./assets/city_center.png,"[26.1, 40.25]","[13.05, 40.25]",city_center,"南拥滇池烟波，东枕金马晴岚，西倚碧鸡苍翠，北收乌蒙余势，昆明坐落于高原台地与湖泊襟怀之间。
翠湖波光如散落的旧笺，海鸥年年衔来远方的消息，讲武堂的黄墙沉默伫立，共和的初啼曾在此划破晨雾；河山破碎之际，西南联大在春城留下足迹，保留下文明的火种；海晏河清之时，云师附中于故地续写弦歌，传扬着先贤的薪火。春城昆明，向每一位旅者敞开怀抱。",云南省 · 昆明市,
dali,大理,8765.0,7275.0,5,./assets/city_center.png,"[26.1, 40.25]","[13.05, 40.25]",city_center,"西枕苍山巍峨，东浮洱海烟波，南望佛国钟磬，北依古道遗风，大理坐落于苍洱坝子的暖阳之中。
 苍山巍峨如屏，拱卫着千载古城的烟火人间；洱海澄波似镜，倒映出三塔凌空的清寂倒影。崇圣寺钟声随风远播，诉说着妙香古国的慈悲与安宁；喜洲古城的稻浪深处，白族照壁静静伫立，刻写下耕读传家的古风。千年的“风花雪月”，正静待旅者的探索。",云南省 · 大理白族自治州,./assets/photos/dali.jpg
nanchang,南昌,13341.0,8153.0,5,./assets/city_center.png,"[26.1, 40.25]","[13.05, 40.25]",city_center,占位符,江西省 · 南昌市,
jingdezhen,景德镇,13767.0,8373.0,5,./assets/city_center.png,"[26.1, 40.25]","[13.05, 40.25]",city_center,占位符,江西省 · 景德镇市,
hefei,合肥,13788.0,9096.0,5,./assets/city_center.png,"[26.1, 40.25]","[13.05, 40.25]",city_center,占位符,安徽省 · 合肥市,
wuhan,武汉,12938.0,8758.0,5,./assets/city_center.png,"[26.1, 40.25]","[13.05, 40.25]",city_center,占位符,湖北省 · 武汉市,
xiaogan,孝感,12795.0,8852.0,5,./assets/city_center.png,"[26.1, 40.25]","[13.05, 40.25]",city_center,占位符,湖北省 · 孝感市,
hanchuan,汉川,12766.0,8765.0,5,./assets/city_center.png,"[26.1, 40.25]","[13.05, 40.25]",city_center,占位符,湖北省 · 汉川市,
harbin,哈尔滨,16546.5,13186.5,5,./assets/city_center.png,"[26.1, 40.25]","[13.05, 40.25]",city_center,占位符,黑龙江省 · 哈尔滨市,
jiamusi,佳木斯,17664.0,13500.0,5,./assets/city_center.png,"[26.1, 40.25]","[13.05, 40.25]",city_center,占位符,黑龙江省 · 佳木斯市,
yanjiao,雄安新区,13404.0,11220.0,7,./assets/anchor.png,"[20.06, 30.62]","[10.03, 30.92]",anchor,占位符,河北省 · 保定市,
daxing,大兴,13481.5,11444.8,7,./assets/anchor.png,"[20.06, 30.62]","[10.03, 30.92]",anchor,占位符,北京市 · 大兴区,
luoyang,洛阳,12363.25,9937.25,5,./assets/city_center.png,"[26.1, 40.25]","[13.05, 40.25]",city_center,占位符,河南省 · 洛阳市,
guohuayuan,中国国花园,12358.75,9922.25,7.0,./assets/special_spot/guohuayuan.png,"[45.4, 30.6]","[22.7, 15.3]",land_mark,唯有牡丹真国色，花开时节动京城。,洛阳市 · 洛龙区,./assets/photos/guohuayuan.jpg
longmenshiku,龙门石窟,12369.75,9900.5,7.0,./assets/special_spot/longmenshiku.png,"[36.0, 50.0]","[18.0, 25.0]",land_mark,占位符,洛阳市 · 洛龙区,
KMG,昆明长水机场,9548.75,7139.25,7,./assets/special_spot/jichang.png,"[45.0, 32.0]","[22.5, 16.0]",airport,占位符,昆明市 · 官渡区,
PEK,北京首都国际机场,13572.5,11527.75,7,./assets/special_spot/jichang.png,"[45.0, 32.0]","[22.5, 16.0]",airport,占位符,北京市 · 顺义区,
PKX,北京大兴机场,13521.0,11362.0,7,./assets/special_spot/jichang.png,"[45.0, 32.0]","[22.5, 16.0]",airport,占位符,北京市 · 大兴区,
shanghai,上海,15031.0,8912.0,5,./assets/city_center.png,"[26.1, 40.25]","[13.05, 40.25]",city_center,占位符,上海市,
shengsi,嵊泗,15317.0,8775.0,7,./assets/anchor.png,"[20.06, 30.62]","[10.03, 30.92]",anchor,占位符,浙江省 · 舟山市,
jiuzhuribenliaoli,久竹の日本料理居酒屋,15024.25,8930.75,7,./assets/special_spot/canting.png,"[28.0, 33.0]","[14.0, 33.0]",restaurant,这家店彻底终结了我们对寿司郎的欲望。,上海市 · 静安区,./assets/photos/jiuzhuribenliaoli.jpg
shenjiawan,沈家湾码头,15214.5,8739.0,7,./assets/port.png,"[32.0, 32.0]","[16.0, 16.0]",port,位于洋山岛的客运码头，是上海前往嵊泗列岛的集散地。,舟山市 · 嵊泗县,
gouqi,枸杞岛,15410.0,8773.0,7,./assets/port.png,"[32.0, 32.0]","[16.0, 16.0]",port,嵊山岛是嵊泗列岛中最靠东的海岛，其通过三礁江大桥与枸杞岛相连。,舟山市 · 嵊泗县,
shanghaiwaitan,上海外滩,15046.25,8916.5,7.0,./assets/special_spot/waitan.png,"[40.0, 30.0]","[20.0, 30.0]",waitan,这里的一侧，是这个国家百年前的屈辱历史的现实记忆，另一侧，则是这个国家如今跻身于世界民族之林的真实写照。,上海市 · 黄浦区,./assets/photos/waitan.jpeg
donghaidaqiao,东海大桥,15176.5,8779.0,7.0,./assets/special_spot/donghaidaqiao.png,"[80.0, 32.0]","[40.0, 32.0]",donghaidaqiao,连接上海南汇新城与洋山岛的跨海大桥。,上海市 · 浦东新区,
qingdao,青岛,14689.75,10341.5,5,./assets/city_center.png,"[26.1, 40.25]","[13.05, 40.25]",city_center,山东省东部的沿海城市，因环抱胶州湾而成为绝佳的深水良港，历史上曾是重要的贸易和军事要地。因曾被德国殖民者占领而拥有中国大陆为数不多的德式建筑风貌。如今已经是山东省乃至华北地区最发达的城市之一。,山东省 · 青岛市,./assets/photos/qingdao.jpg
shazikou,沙子口,14760.75,10353.5,7,./assets/anchor.png,"[20.06, 30.62]","[10.03, 30.92]",anchor,青岛市郊的一座小镇，静静的渔港中停放着尚未出海的渔船，海风轻拂，海浪轻拍，闲适而放松。,山东省 · 青岛市,./assets/photos/shazikou.jpg
laoshan,崂山,14781.0,10374.25,7,./assets/mountain.png,"[37.0, 26.0]","[18.5, 13.0]",mountain,位于青岛东北方向的山峰，海拔约1100米，是中国大陆海岸线上的最高峰，也因此形成了中国大陆海岸线上少见的山海齐聚之奇观。,山东省 · 青岛市,./assets/photos/laoshan.jpg
matianling,麻田岭,13057.5,11409.25,7,./assets/mountain.png,"[37.0, 26.0]","[18.5, 13.0]",mountain,位于河北省蔚县的山峰，海拔约2000米，因其高山草甸和松树林的风景被称为“京西阿勒泰”。,河北省 · 张家口市,./assets/photos/matianling.jpg
wulingshan,雾灵山,13833.50,11673.00,,,,,mountain,位于北京市密云区和河北省兴隆县交界处的高山，主峰海拔2116米，是为燕山主峰。, 河北省 · 兴隆县,./assets/photos/wulingshan.jpg
miaofengshan,妙峰山,13398.26,11526.14,,,,,mountain,位于北京市门头沟区和昌平区交接的界山，是京西一处观云海的好地方。, 北京市 · 门头沟区,./assets/photos/miaofengshan.jpg